AtributoEnWeka,NombreProducto,Categoria,Rubro
Gaseosa_Cola_2_25L,"Gaseosa Cola 2.25L","Bebidas","Gaseosas"
Gaseosa_Lima_Limon_2_25L,"Gaseosa Lima-Limon 2.25L","Bebidas","Gaseosas"
Agua_Mineral_2L,"Agua Mineral 2L","Bebidas","Aguas"
Agua_Saborizada_1_5L,"Agua Saborizada 1.5L","Bebidas","Aguas"
Cerveza_Rubia_1L,"Cerveza Rubia 1L","Bebidas","Cervezas"
Cerveza_Negra_473ml,"Cerveza Negra 473ml","Bebidas","Cervezas"
Jugo_Naranja_1L,"Jugo Naranja 1L","Bebidas","Jugos"
Yerba_Mate_1kg,"Yerba Mate 1kg","Almacen","Infusiones"
Yerba_Mate_500g,"Yerba Mate 500g","Almacen","Infusiones"
Fideos_Guiseros_500g,"Fideos Guiseros 500g","Almacen","Pastas Secas"
Arroz_Largo_Fino_1kg,"Arroz Largo Fino 1kg","Almacen","Arroz"
Aceite_Girasol_1_5L,"Aceite Girasol 1.5L","Almacen","Aceites"
Pure_de_Tomate_520g,"Pure de Tomate 520g","Almacen","Conservas"
Mermelada_Durazno_390g,"Mermelada Durazno 390g","Almacen","Dulces"
Galletitas_Dulces_300g,"Galletitas Dulces 300g","Almacen","Galletitas"
Alfajor_Triple_70g,"Alfajor Triple 70g","Almacen","Golosinas"
Caramelos_Surtidos_100g,"Caramelos Surtidos 100g","Almacen","Golosinas"
Leche_Entera_1L,"Leche Entera 1L","Lacteos","Leches"
Yogur_Bebible_1L,"Yogur Bebible 1L","Lacteos","Yogures"
Queso_Cremoso_500g,"Queso Cremoso 500g","Lacteos","Quesos"
Manteca_200g,"Manteca 200g","Lacteos","Untables"
Dulce_de_Leche_400g,"Dulce de Leche 400g","Lacteos","Untables"
Helado_Crema_1L,"Helado Crema 1L","Congelados","Helados"
Palitos_Helados_x6,"Palitos Helados x6","Congelados","Helados"
Hamburguesas_Cong_x4,"Hamburguesas Cong. x4","Congelados","Carnes"
Papas_Baston_1kg,"Papas Baston 1kg","Congelados","Vegetales"
Detergente_750ml,"Detergente 750ml","Limpieza","Lavavajilla"
Lavandina_1L,"Lavandina 1L","Limpieza","Desinfectantes"
Jabon_en_Polvo_800g,"Jabon en Polvo 800g","Limpieza","Lavarropas"
Papel_Higienico_x4,"Papel Higienico x4","Limpieza","Papeles"
